,sample_id,species,is_control,total_features,log10_total_features,total_counts,log10_total_counts,pct_counts_top_50_features,pct_counts_top_100_features,pct_counts_top_200_features,pct_counts_top_500_features,is_cell_control,use,topcell,topcell_ac,topcell_sp,topsim
pm.19,pm.19,Pm,FALSE,1055,3.023663918,63894,4.805466874,58.50158074,68.79519204,81.30966914,96.09196482,FALSE,TRUE,CCTACCAGTAGGAGTC,1,1,0.458397587
pm.51,pm.51,Pm,FALSE,1101,3.042181595,65593,4.816864116,57.5457747,66.76322169,78.87122101,94.7113259,FALSE,TRUE,CAGCTAAAGCCACGCT,F,F,0.560053784
pm.65,pm.65,Pm,FALSE,1481,3.170848204,64753,4.811266601,55.35650858,62.09905333,71.6646333,88.22757247,FALSE,TRUE,GAAATGACATTCGACA,1,1,0.519889258
pm.67,pm.67,Pm,FALSE,861,2.935507266,78966,4.897445639,62.26223944,73.08208596,86.2333156,98.38918015,FALSE,TRUE,TAGTTGGCATTGGTAC,3,3,0.427400259
pm.82,pm.82,Pm,FALSE,1180,3.072249898,95345,4.979302478,53.24558183,62.84126068,76.01447375,93.50359222,FALSE,TRUE,TAAGAGACATCTCCCA,1,1,0.491306581
pm.103,pm.103,Pm,FALSE,512,2.710117365,133045,5.124001822,72.44691646,86.76387688,96.79206284,99.9909805,FALSE,TRUE,AAATGCCGTACAAGTA,5,5,0.557816916
pm.114,pm.114,Pm,FALSE,1160,3.06483222,75899,4.880241776,58.92567755,67.51735859,79.36599955,94.57568611,FALSE,TRUE,AACTTTCCATCCGTGG,3,3,0.492652074
pm.115,pm.115,Pm,FALSE,1692,3.228656958,20092,4.303044784,54.50428031,60.66095959,69.26139757,83.86920167,FALSE,TRUE,CTCGGAGGTTAAGATG,3,3,0.556908686
pm.145,pm.145,Pm,FALSE,1432,3.15624619,99580,4.998176483,53.0156658,60.9580237,72.2845953,89.93271741,FALSE,TRUE,TCACGAAGTCAGAATA,1,1,0.507043333
pm.146,pm.146,Pm,FALSE,1088,3.03702788,114764,5.059809461,51.87950925,62.71478861,76.20682444,94.54184239,FALSE,TRUE,AAGACCTTCTCTGTCG,M,M,0.561785844
pm.161,pm.161,Pm,FALSE,1016,3.007320953,53861,4.731282476,60.86036279,69.60880786,80.80057927,95.54965559,FALSE,TRUE,CGTGAGCGTTACGACT,3,3,0.440693781
pm.162,pm.162,Pm,FALSE,866,2.938019097,73822,4.86819169,63.11397686,76.17106012,89.84584541,99.03416326,FALSE,TRUE,ACTATCTTCAACGGCC,1,1,0.407463261
pm.178,pm.178,Pm,FALSE,1588,3.201123897,97550,4.989231726,58.77806253,64.88364941,73.3910815,87.8595592,FALSE,TRUE,ACGCCGACACCAGGCT,1,1,0.54577455